faculty_name,email,phone_no
Boora Sri Harsha Vardhan,harsha10012004@gmail.com,9392354290
S.Hemanth Srinivas,shemanth.kgp@gmail.com,7997435603
N. Charan Manikanta,charanmanikantanalla@gmail.com,9133532836
Naveen Poliasetty,iamnaveenpoliasetty@gmail.com,8331940319
L.Amrutha Yasaswini,Amrutha.l@example.com,5678901234
R.Raghavi,Raghavi.r@example.com,6789012345
James Johnson,james.johnson@example.com,7890123456
Olivia White,olivia.white@example.com,8901234567
Liam Martinez,liam.martinez@example.com,9012345678
Charlotte Garcia,charlotte.garcia@example.com,1123456789
Mason Rodriguez,mason.rodriguez@example.com,2234567890
Isabella Lee,isabella.lee@example.com,3345678901
Ethan Harris,ethan.harris@example.com,4456789012
Sophia Clark,sophia.clark@example.com,5567890123
Alexander Lewis,alexander.lewis@example.com,6678901234
Amelia Young,amelia.young@example.com,7789012345
Jacob King,jacob.king@example.com,8890123456
Mia Wright,mia.wright@example.com,9901234567
Daniel Scott,daniel.scott@example.com,1012345678
Evelyn Hall,evelyn.hall@example.com,2123456789
Henry Adams,henry.adams@example.com,3234567890
Ava Lopez,ava.lopez@example.com,4345678901
Matthew Perez,matthew.perez@example.com,5456789012
Sophia Kim,sophia.kim@example.com,6567890123
Lucas Rivera,lucas.rivera@example.com,7678901234
Harper Clark,harper.clark@example.com,8789012345
Benjamin Walker,benjamin.walker@example.com,9890123456
Amelia Adams,amelia.adams@example.com,1901234567
Noah Collins,noah.collins@example.com,2023456789
Grace Robinson,grace.robinson@example.com,3123456789
